Player,draft_year,overall_pick,second_contract_year,second_contract_salary,career_ppg,career_rpg,career_apg,career_ws,career_bpm,career_vorp,sc_age,sc_ppg,sc_rpg,sc_apg,sc_games,salary_cap_pct,pick_tier
John Wall,2010,1,2014,7459925,19.1,4.3,9.1,44.1,2.4,24.0,23,19.3,4.1,8.8,82,12.713108607849485,Top 5
Evan Turner,2010,2,2014,6679867,9.7,4.6,3.5,20.2,-1.9,0.5,25,14.0,5.0,3.2,81,11.383743758414425,Top 5
Derrick Favors,2010,3,2014,6008196,10.6,7.1,1.1,60.2,0.9,14.0,22,13.3,8.7,1.2,73,10.239090645716525,Top 5
Wesley Johnson,2010,4,2014,884293,7.0,3.2,1.1,10.7,-1.6,1.2,26,9.1,4.4,1.6,79,1.5070008009679785,Top 5
DeMarcus Cousins,2010,5,2014,4916974,19.6,10.2,3.0,46.8,2.4,21.6,23,22.7,11.7,2.9,71,8.3794440941393,Top 5
Ekpe Udoh,2010,6,2014,4469548,3.5,2.9,0.7,10.4,-1.4,0.8,26,3.4,3.5,0.7,42,7.616946437396684,6–10
Greg Monroe,2010,7,2014,4086454,13.0,8.2,2.1,50.4,1.4,15.3,23,15.2,9.3,2.1,82,6.964082550827383,6–10
Al-Farouq Aminu,2010,8,2014,3749602,7.5,6.0,1.2,27.6,-0.6,6.5,23,7.2,6.2,1.4,80,6.390023688201913,6–10
Gordon Hayward,2010,9,2014,3452183,15.6,4.5,3.5,60.1,2.0,22.8,23,16.2,5.1,5.2,77,5.883166038957719,6–10
Paul George,2010,10,2014,3282003,20.4,6.4,3.6,76.6,4.1,38.0,23,21.7,6.8,3.5,80,5.593147463317371,6–10
Cole Aldrich,2010,11,2014,884293,3.1,3.3,0.5,9.6,0.1,1.8,25,2.0,2.8,0.3,46,1.5070008009679785,11–15
Xavier Henry,2010,12,2014,884293,5.7,1.9,0.6,0.8,-4.4,-1.7,22,10.0,2.7,1.2,43,1.5070008009679785,11–15
Ed Davis,2010,13,2014,3153860,5.9,6.4,0.7,43.3,-0.2,6.2,24,5.7,4.1,0.4,63,5.3747678044956455,11–15
Patrick Patterson,2010,14,2014,3105302,6.7,3.9,1.0,31.9,0.0,7.4,24,8.5,5.3,1.2,65,5.292015883024591,11–15
Larry Sanders,2010,15,2014,3053368,6.4,5.7,0.7,10.3,-1.1,1.1,25,7.7,7.2,0.8,23,5.203510625607117,11–15
Luke Babbitt,2010,16,2014,387995,4.8,2.2,0.6,7.2,-2.1,-0.1,24,6.3,3.3,1.1,27,0.6612161079773002,16–20
Eric Bledsoe,2010,18,2014,2626474,13.7,3.9,4.7,46.1,1.6,18.8,24,17.7,4.7,5.5,43,4.476003340206888,16–20
Avery Bradley,2010,19,2014,2511432,11.0,2.8,1.7,17.2,-2.4,-1.8,23,14.9,3.8,1.4,60,4.279950237734113,16–20
Elliot Williams,2010,22,2014,797545,4.9,1.5,0.9,0.7,-4.9,-1.1,24,6.0,1.9,1.1,67,1.3591659707902315,21–30
Trevor Booker,2010,23,2014,2350820,6.9,5.5,1.1,26.2,-0.5,4.2,26,6.8,5.3,0.9,72,4.00623732510779,21–30
Quincy Pondexter,2010,26,2014,2225479,4.5,1.8,0.7,9.7,-1.8,0.3,25,6.3,1.7,1.3,15,3.792632798786619,21–30
Jordan Crawford,2010,27,2014,2162419,12.2,2.5,3.1,6.3,-1.3,1.3,25,11.0,2.3,3.5,81,3.685166754716338,21–30
Kyrie Irving,2011,1,2015,7070730,23.1,3.8,5.7,72.0,4.5,34.2,22,21.7,3.2,5.2,75,11.211813208594307,Top 5
Derrick Williams,2011,2,2015,6331404,8.9,4.0,0.7,14.1,-1.6,0.8,23,8.3,2.7,0.7,74,10.039489415682233,Top 5
Tristan Thompson,2011,4,2015,5138430,9.0,8.4,1.0,47.6,-1.7,1.4,23,8.5,8.0,0.5,82,8.14783160231507,Top 5
Bismack Biyombo,2011,7,2015,3873398,5.2,6.1,0.6,29.4,-2.6,-2.2,22,4.8,6.4,0.3,64,6.141913898358836,6–10
Brandon Knight,2011,8,2015,3553917,14.0,3.1,3.9,11.6,-1.6,1.4,23,17.0,3.9,5.2,63,5.635323872195354,6–10
Kemba Walker,2011,9,2015,3272091,19.5,3.8,5.3,59.6,2.8,29.8,24,17.3,3.5,5.1,62,5.188442083564576,6–10
Jimmer Fredette,2011,10,2015,915243,6.0,1.0,1.4,2.2,-2.5,-0.4,25,3.6,0.8,1.2,50,1.4512693252992945,6–10
Klay Thompson,2011,11,2015,3075880,19.5,3.5,2.3,48.5,0.8,14.9,24,21.7,3.2,2.9,77,4.877317053833346,11–15
Alec Burks,2011,12,2015,3034356,10.6,3.5,2.0,26.0,-0.5,5.3,23,13.9,4.2,3.0,27,4.811473876159518,11–15
Markieff Morris,2011,13,2015,2989239,10.9,5.2,1.6,27.1,-1.4,2.8,25,15.3,6.2,2.3,82,4.739933402045509,11–15
Kawhi Leonard,2011,15,2015,2894059,19.2,6.4,2.9,83.3,6.9,40.4,23,16.5,7.2,2.5,64,4.589009751843336,11–15
Iman Shumpert,2011,17,2015,2616975,7.2,3.3,1.8,12.9,-1.7,0.9,24,8.0,3.6,2.2,62,4.149647189407754,16–20
Tobias Harris,2011,19,2015,2380594,16.4,6.2,2.3,58.4,1.1,18.3,22,17.1,6.3,1.8,68,3.774825973202252,16–20
Kenneth Faried,2011,22,2015,2249768,11.4,8.1,1.0,38.8,0.5,7.5,25,12.6,8.9,1.2,75,3.5673796876238804,21–30
Reggie Jackson,2011,24,2015,2204369,13.1,3.0,4.3,33.5,0.0,9.1,24,14.5,4.2,6.0,77,3.4953920558154286,21–30
Jordan Hamilton,2011,26,2015,150591,5.9,2.8,0.8,3.0,-0.1,1.0,24,2.7,1.1,0.5,14,0.23878696582890668,21–30
Norris Cole,2011,28,2015,2038206,7.0,2.0,2.7,3.0,-4.1,-4.1,26,7.6,2.1,3.4,75,3.2319131055260444,21–30
Cory Joseph,2011,29,2015,2023261,7.1,2.6,3.0,28.7,-1.1,3.9,23,6.8,2.4,2.4,79,3.2082153333861894,21–30
Jimmy Butler,2011,30,2015,2008748,17.7,5.3,4.1,93.6,4.7,38.3,25,20.0,5.8,3.3,65,3.185202568778245,21–30
Anthony Davis,2012,1,2016,7070730,23.8,10.2,2.3,91.3,6.0,42.1,22,24.3,10.3,1.9,61,10.101042857142858,Top 5
Michael Kidd-Gilchrist,2012,2,2016,6331404,8.4,5.4,1.2,21.0,-1.8,0.6,22,12.7,6.4,1.3,7,9.044862857142858,Top 5
Bradley Beal,2012,3,2016,5694674,22.1,4.1,4.2,48.8,1.7,21.0,22,17.4,3.4,2.9,55,8.135248571428571,Top 5
Dion Waiters,2012,4,2016,5138430,13.1,2.6,2.8,8.8,-2.1,-0.4,24,9.8,2.6,2.0,78,7.340614285714285,Top 5
Thomas Robinson,2012,5,2016,981348,4.9,4.8,0.6,4.6,-3.5,-1.6,24,4.3,5.1,0.6,71,1.4019257142857142,Top 5
Damian Lillard,2012,6,2016,4236287,24.6,4.2,6.6,94.1,4.7,43.7,25,25.1,4.0,6.8,75,6.051838571428571,6–10
Harrison Barnes,2012,7,2016,3873398,14.1,5.1,1.8,44.8,-0.8,7.1,23,11.7,4.9,1.8,66,5.533425714285714,6–10
Terrence Ross,2012,8,2016,3553917,11.2,2.8,1.3,23.4,-0.9,4.5,24,9.9,2.5,0.8,73,5.077024285714286,6–10
Andre Drummond,2012,9,2016,3272091,13.8,13.3,1.4,67.7,1.3,17.7,22,16.2,14.8,0.8,81,4.674415714285715,6–10
Austin Rivers,2012,10,2016,3110796,8.8,2.1,2.2,13.9,-3.1,-4.2,23,8.9,1.9,1.5,67,4.443994285714286,6–10
Meyers Leonard,2012,11,2016,3075880,5.6,3.9,0.9,15.5,-1.4,1.1,23,8.4,5.1,1.5,61,4.394114285714286,11–15
Jeremy Lamb,2012,12,2016,3034356,10.1,3.6,1.6,26.8,0.6,7.9,23,8.8,3.8,1.2,66,4.334794285714286,11–15
Kendall Marshall,2012,13,2016,2144772,5.0,1.6,4.9,1.0,-3.5,-1.1,24,3.7,0.9,2.4,30,3.06396,11–15
John Henson,2012,14,2016,2943221,7.6,5.3,1.1,20.7,-0.5,3.4,25,7.0,3.9,0.9,57,4.204601428571428,11–15
Maurice Harkless,2012,15,2016,2894059,6.9,3.5,0.9,23.0,-0.8,4.1,22,6.4,3.6,0.9,78,4.13437,11–15
Tyler Zeller,2012,17,2016,2616975,6.9,4.4,0.9,17.1,-2.0,0.0,26,6.1,3.0,0.5,60,3.7385357142857143,16–20
Terrence Jones,2012,18,2016,2489530,10.4,5.7,1.0,14.7,0.5,3.6,24,8.7,4.2,0.8,50,3.5564714285714283,16–20
Andrew Nicholson,2012,19,2016,2380593,6.0,3.0,0.4,3.8,-3.6,-1.6,26,6.9,3.6,0.4,56,3.4008471428571427,16–20
Evan Fournier,2012,20,2016,2288205,14.3,2.7,2.6,30.5,-0.9,4.9,23,15.4,2.8,2.7,79,3.268864285714286,16–20
Jared Sullinger,2012,21,2016,2569260,10.8,7.5,1.8,15.3,-0.4,2.7,23,10.3,8.3,2.3,81,3.6703714285714284,21–30
John Jenkins,2012,23,2016,981348,5.0,1.5,0.8,3.0,-1.9,0.1,24,4.1,1.3,0.8,43,1.4019257142857142,21–30
Jared Cunningham,2012,24,2016,947276,2.3,0.7,0.5,0.2,-5.7,-0.6,24,2.7,0.9,0.5,44,1.3532514285714285,21–30
Tony Wroten,2012,25,2016,167406,11.1,2.5,3.0,-1.3,-3.4,-1.1,22,8.4,2.6,2.5,8,0.23915142857142854,21–30
Miles Plumlee,2012,26,2016,2109294,4.9,4.5,0.5,10.6,-1.9,0.2,27,5.1,3.8,0.3,61,3.0132771428571425,21–30
Festus Ezeli,2012,30,2016,2008748,4.2,4.3,0.4,5.9,-2.0,0.0,26,7.0,5.6,0.7,46,2.86964,21–30
Anthony Bennett,2013,1,2017,1015696,4.4,3.1,0.5,0.5,-4.8,-1.3,23,5.0,3.4,0.5,23,1.0249926836406205,Top 5
Victor Oladipo,2013,2,2017,6552961,17.4,4.6,3.9,25.1,0.9,11.0,24,15.9,4.3,2.6,67,6.612940369148173,Top 5
Otto Porter Jr.,2013,3,2017,5893981,10.6,5.1,1.5,36.0,1.8,12.5,23,13.4,6.4,1.5,80,5.947928713430818,Top 5
Cody Zeller,2013,4,2017,5318313,8.5,6.0,1.4,32.1,-0.6,4.0,24,10.3,6.5,1.6,62,5.3669916139384215,Top 5
Alex Len,2013,5,2017,4823621,7.7,5.9,0.9,21.6,-1.9,0.2,23,8.0,6.6,0.6,77,4.867771689221237,Top 5
Nerlens Noel,2013,6,2017,4384490,7.3,6.2,1.1,28.3,0.9,7.5,22,8.7,5.8,1.0,51,4.424621315330043,6–10
Ben McLemore,2013,7,2017,4008882,9.0,2.3,1.0,9.0,-3.1,-3.4,23,8.1,2.1,0.8,61,4.0455753685931395,6–10
Kentavious Caldwell-Pope,2013,8,2017,3678319,11.6,3.1,1.7,34.6,-0.8,6.0,23,13.8,3.3,2.5,76,3.711986719546285,6–10
Trey Burke,2013,9,2017,3386598,9.6,1.8,3.1,12.9,-1.3,1.7,24,5.0,0.8,1.8,57,3.4175955920196177,6–10
CJ McCollum,2013,10,2017,3219579,19.2,3.5,3.5,40.3,1.3,15.7,25,23.0,3.6,3.6,80,3.2490478641276375,6–10
Michael Carter-Williams,2013,11,2017,3183526,10.3,4.4,4.4,6.6,-1.2,1.9,25,6.6,3.4,2.5,45,3.2126648703742946,11–15
Steven Adams,2013,12,2017,3140517,9.3,8.0,1.5,56.0,0.5,11.3,23,11.3,7.7,1.1,80,3.1692622082286332,11–15
Kelly Olynyk,2013,13,2017,3094014,10.1,5.1,2.0,35.3,0.9,9.8,25,9.0,4.8,2.0,75,3.1223335654385274,11–15
Shabazz Muhammad,2013,14,2017,3046299,9.0,2.8,0.5,8.5,-2.0,0.0,24,9.9,2.8,0.4,78,3.0741818291907603,11–15
Giannis Antetokounmpo,2013,15,2017,2995421,21.8,9.4,4.6,87.5,6.0,43.3,22,22.9,8.8,5.4,80,3.0228381419474633,11–15
Lucas Nogueira,2013,16,2017,1921320,3.2,2.8,0.5,6.0,2.3,1.9,24,4.4,4.3,0.7,57,1.9389058762980231,16–20
Tony Snell,2013,20,2017,2368327,6.1,2.3,1.1,18.5,-2.0,-0.1,25,8.5,3.1,1.2,80,2.390004339357977,16–20
Gorgui Dieng,2013,21,2017,2348783,7.5,5.7,1.3,30.7,0.4,7.3,27,10.0,7.9,1.9,82,2.370281452776685,21–30
Mason Plumlee,2013,22,2017,2328530,8.3,6.6,2.4,44.2,1.3,12.2,26,10.4,7.5,3.5,81,2.349843076705721,21–30
Solomon Hill,2013,23,2017,11241218,5.5,3.1,1.5,11.9,-2.1,-0.3,25,7.0,3.8,1.8,80,11.344109069258172,21–30
Tim Hardaway Jr.,2013,24,2017,2281605,13.9,2.8,1.9,25.8,-0.8,4.8,24,14.5,2.8,2.3,79,2.3024885713420726,21–30
Reggie Bullock,2013,25,2017,2255644,7.8,2.5,1.2,18.1,-0.8,3.0,25,4.5,2.1,0.9,31,2.2762899498450953,21–30
Andre Roberson,2013,26,2017,2183072,4.5,4.0,0.9,12.6,-0.6,2.3,25,6.6,5.1,1.0,79,2.203053697032081,21–30
Rudy Gobert,2013,27,2017,2121288,12.4,11.7,1.3,86.6,4.0,27.8,24,14.0,12.8,1.2,81,2.140704186975871,21–30
Andrew Wiggins,2014,1,2018,7574323,19.3,4.4,2.3,24.0,-1.5,2.6,22,17.7,4.4,2.0,82,7.643650913788058,Top 5
Joel Embiid,2014,3,2018,25250000,26.0,11.4,3.3,43.7,5.9,20.4,23,22.9,11.0,3.2,63,25.481113701270523,Top 5
Dante Exum,2014,5,2018,4992385,5.7,1.8,2.1,3.1,-3.3,-1.5,22,8.1,1.9,3.1,14,5.038080389129404,Top 5
Julius Randle,2014,7,2018,4149242,17.7,9.3,3.6,31.4,0.4,9.7,23,16.1,8.0,2.6,82,4.187220086181668,6–10
Elfrid Payton,2014,10,2018,3332340,10.1,4.0,5.7,15.8,-0.9,3.7,23,12.7,4.3,6.2,63,3.3628409675759134,6–10
Doug McDermott,2014,11,2018,3294994,9.2,2.3,0.9,19.2,-1.9,0.4,26,7.8,2.5,1.0,81,3.3251531389704625,11–15
T.J. Warren,2014,14,2018,3152931,15.5,4.1,1.2,19.6,-0.2,4.2,24,19.6,5.1,1.3,65,3.1817898337924975,11–15
Tyler Ennis,2014,18,2018,1524305,4.2,1.3,1.9,1.3,-3.4,-0.8,23,4.1,1.8,1.9,54,1.5382569909075314,16–20
Gary Harris,2014,19,2018,2550055,11.8,2.5,2.1,20.8,-1.4,2.1,23,17.5,2.6,2.9,67,2.5733956989898377,16–20
Bruno Caboclo,2014,20,2018,2451225,4.2,2.6,0.7,1.5,-2.7,-0.2,22,2.2,1.8,0.3,12,2.4736611062335383,16–20
Shabazz Napier,2014,24,2018,2361360,7.1,1.9,2.5,8.1,-0.7,2.0,26,8.7,2.3,2.0,74,2.382973570282462,21–30
Clint Capela,2014,25,2018,2334528,12.4,10.7,1.0,52.9,2.0,12.8,23,13.9,10.8,0.9,74,2.355895976506918,21–30
Josh Huestis,2014,29,2018,1471382,2.5,2.4,0.3,0.7,-3.5,-0.4,26,2.3,2.3,0.3,69,1.4848495857426862,21–30
Kyle Anderson,2014,30,2018,2151704,6.7,4.4,2.3,27.0,1.7,10.0,24,7.9,5.4,2.7,74,2.171398585167469,21–30
Karl-Anthony Towns,2015,1,2019,7839435,23.2,11.3,3.1,66.1,4.8,28.3,23,24.4,12.4,3.4,77,7.695604158281714,Top 5
D'Angelo Russell,2015,2,2019,7019698,17.7,3.5,5.6,14.4,0.5,8.0,22,21.1,3.9,7.0,81,6.89090694912093,Top 5
Jahlil Okafor,2015,3,2019,1567707,10.4,4.7,0.9,7.2,-2.0,0.0,23,8.2,4.7,0.7,59,1.5389441341330532,Top 5
Mario Hezonja,2015,5,2019,6500000,6.9,3.1,1.3,3.2,-2.8,-1.2,23,8.8,4.1,1.5,58,6.38074389657305,Top 5
Willie Cauley-Stein,2015,6,2019,4696875,8.7,5.9,1.4,23.3,-0.1,4.4,25,11.9,8.4,2.4,81,4.610700998341007,6–10
Emmanuel Mudiay,2015,7,2019,4294480,10.9,2.9,3.8,-0.2,-3.2,-2.2,22,14.8,3.3,3.9,59,4.215688776762312,6–10
Stanley Johnson,2015,8,2019,3940402,6.3,3.1,1.5,6.2,-2.8,-1.7,22,6.9,3.3,1.3,66,3.8681070786991136,6–10
Frank Kaminsky,2015,9,2019,3627842,9.4,4.1,1.6,15.2,-0.3,3.4,25,8.6,3.5,1.3,47,3.5612816460355945,6–10
Justise Winslow,2015,10,2019,3448926,8.4,5.1,2.5,7.8,-2.1,-0.2,22,12.6,5.4,4.3,66,3.3856482344972467,6–10
Myles Turner,2015,11,2019,3410284,12.7,6.7,1.2,32.8,0.6,8.2,22,13.3,7.2,1.6,74,3.3477152028585735,11–15
Trey Lyles,2015,12,2019,3364249,7.8,4.3,1.1,14.5,-1.0,2.0,23,8.5,3.8,1.4,64,3.3025248112772285,11–15
Devin Booker,2015,13,2019,3314365,23.5,3.9,4.7,29.9,0.5,10.2,22,26.6,4.1,6.8,64,3.253556037656206,11–15
Cameron Payne,2015,14,2019,3263294,7.6,2.2,3.2,8.2,-0.4,2.0,24,6.3,1.8,2.7,40,3.2034220420343775,11–15
Kelly Oubre Jr.,2015,15,2019,3208630,12.0,4.3,1.0,17.6,-1.8,0.5,23,15.2,4.7,1.2,69,3.149760967517105,11–15
Terry Rozier,2015,16,2019,3050390,12.7,3.9,3.2,24.0,0.6,8.2,24,9.0,3.9,2.9,79,2.9944242114873023,16–20
Sam Dekker,2015,18,2019,2760095,5.4,3.0,0.8,5.4,-1.4,0.5,24,6.1,3.1,1.0,47,2.709455280801814,16–20
Jerian Grant,2015,19,2019,2639314,6.1,1.9,2.9,8.3,-1.6,0.5,26,4.2,1.6,2.6,60,2.590890261021508,16–20
Delon Wright,2015,20,2019,2536898,7.2,3.2,3.0,22.8,2.1,8.9,26,8.7,3.5,3.3,75,2.4903532968812887,16–20
Justin Anderson,2015,21,2019,2516048,5.3,2.6,0.8,4.9,-1.5,0.4,25,3.7,1.8,0.5,48,2.4698858337668965,21–30
Bobby Portis,2015,22,2019,2494346,11.1,6.6,1.2,21.1,-0.6,3.5,23,14.2,8.1,1.4,50,2.4485820023755998,21–30
Rondae Hollis-Jefferson,2015,23,2019,2470357,9.0,5.5,1.9,12.9,-0.7,2.3,24,8.9,5.3,1.6,59,2.4250331307856166,21–30
Tyus Jones,2015,24,2019,2444053,6.2,1.8,3.7,19.3,0.4,5.1,22,6.9,2.0,4.8,68,2.399211732715546,21–30
Jarell Martin,2015,25,2019,2416222,5.4,3.5,0.6,3.2,-4.3,-1.7,24,2.7,1.7,0.4,42,2.371891350656235,21–30
Larry Nance Jr.,2015,27,2019,2272391,8.1,6.5,1.9,24.4,1.0,7.3,26,9.4,8.2,3.2,67,2.2306992313657736,21–30
Kevon Looney,2015,30,2019,1512601,4.7,4.8,1.4,20.4,-0.2,2.7,22,6.3,5.2,1.5,80,1.484849169030814,21–30
Ben Simmons,2016,1,2020,8113930,15.9,8.1,7.7,30.4,3.7,13.5,23,16.4,7.8,8.0,57,7.434423676012461,Top 5
Brandon Ingram,2016,2,2020,7265485,18.5,5.2,3.8,18.7,-0.3,5.2,22,23.8,6.1,4.2,62,6.657032252153197,Top 5
Jaylen Brown,2016,3,2020,6534829,16.5,4.9,2.0,24.5,0.1,6.1,23,20.3,6.4,2.1,57,5.987565512186182,Top 5
Dragan Bender,2016,4,2020,1678854,5.4,3.9,1.3,0.5,-3.9,-1.9,22,6.7,4.6,1.8,16,1.5382572842221,Top 5
Kris Dunn,2016,5,2020,5348007,8.1,3.3,4.2,3.9,-2.1,-0.2,25,7.3,3.6,3.4,51,4.900134689389775,Top 5
Buddy Hield,2016,6,2020,4861208,15.9,4.3,2.5,17.1,0.1,7.3,27,19.2,4.6,3.0,72,4.454102986989188,6–10
Jamal Murray,2016,7,2020,4444746,16.3,3.6,3.8,20.8,0.3,6.0,22,18.5,4.0,4.8,59,4.072517866959869,6–10
Marquese Chriss,2016,8,2020,654469,7.6,4.7,1.0,6.5,-2.4,-0.5,22,9.3,6.2,1.9,59,0.5996600696353308,6–10
Jakob Poeltl,2016,9,2020,3754886,7.3,6.1,1.4,28.9,1.0,6.4,24,5.6,5.7,1.8,66,3.440430639545538,6–10
Thon Maker,2016,10,2020,3569643,4.6,2.8,0.6,6.6,-2.1,-0.1,22,4.7,2.8,0.7,60,3.2707009345794393,6–10
Domantas Sabonis,2016,11,2020,3529555,14.4,9.2,3.6,34.6,1.7,11.1,23,18.5,12.4,5.0,62,3.233970130108118,11–15
Taurean Prince,2016,12,2020,3481986,10.5,3.9,1.7,8.3,-1.8,0.5,25,12.1,6.0,1.8,64,3.1903848268279273,11–15
Denzel Valentine,2016,14,2020,3377569,7.0,3.3,1.8,4.5,-1.9,0.2,26,6.8,2.1,1.2,36,3.0947122961334066,11–15
Malik Beasley,2016,19,2020,2731714,10.4,2.5,1.2,10.5,-0.9,2.0,23,11.2,2.7,1.4,55,2.502944841487997,16–20
Caris LeVert,2016,20,2020,2625718,14.6,3.8,4.0,11.9,-0.5,3.3,25,18.7,4.2,4.4,45,2.4058255451713397,16–20
DeAndre' Bembry,2016,21,2020,2603982,5.9,3.2,1.8,4.4,-2.3,-0.4,25,5.8,3.5,1.9,43,2.3859098405717427,21–30
Furkan Korkmaz,2016,26,2020,1620564,7.9,2.2,1.3,7.1,-1.8,0.3,22,9.8,2.3,1.1,72,1.4848488180318857,21–30
Pascal Siakam,2016,27,2020,2351839,15.7,6.3,3.1,33.3,1.8,11.1,25,22.9,7.3,3.5,60,2.1548827194429174,21–30
Dejounte Murray,2016,29,2020,2321735,12.5,6.0,4.8,16.4,1.8,7.8,23,10.9,5.8,4.1,66,2.1272997984240423,21–30
Damian Jones,2016,30,2020,2305057,5.6,3.4,0.8,9.3,-0.9,0.8,24,5.6,3.7,0.6,55,2.112018508337915,21–30
Markelle Fultz,2017,1,2021,14976129,10.9,3.2,4.8,3.5,-2.0,0.0,22,12.9,3.1,5.4,8,13.721943375481032,Top 5
Lonzo Ball,2017,2,2021,13410215,11.9,5.7,6.2,11.4,1.0,6.3,23,14.6,4.8,5.7,55,12.287167857797325,Top 5
Jayson Tatum,2017,3,2021,12061535,20.9,6.6,3.0,35.1,2.8,14.8,22,26.4,7.4,4.3,64,11.051433938061205,Top 5
Josh Jackson,2017,4,2021,5809502,11.3,4.0,1.8,-1.7,-3.8,-3.1,23,13.4,4.1,2.3,62,5.322981491662086,Top 5
De'Aaron Fox,2017,5,2021,9870946,19.1,3.5,6.2,15.7,0.1,5.4,23,25.2,3.5,7.2,58,9.044297232911855,Top 5
Lauri Markkanen,2017,7,2021,8203631,15.4,6.8,1.3,16.6,-0.1,4.0,23,13.6,5.3,0.9,51,7.516612607659886,6–10
Frank Ntilikina,2017,8,2021,7527342,5.2,1.8,2.3,0.6,-4.1,-2.5,22,2.7,0.9,0.6,33,6.896959868059373,6–10
Malik Monk,2017,11,2021,6514743,10.3,2.3,2.0,5.6,-1.9,0.1,22,11.7,2.4,2.1,42,5.969161627267729,11–15
Luke Kennard,2017,12,2021,6427166,10.0,2.9,2.0,14.2,-0.3,3.0,24,8.3,2.6,1.7,63,5.8889188198643945,11–15
Donovan Mitchell,2017,13,2021,6331712,23.9,4.2,4.5,29.0,2.4,13.1,24,26.4,4.4,5.2,53,5.801458676928715,11–15
Bam Adebayo,2017,14,2021,6234206,13.5,8.3,3.5,35.4,3.0,12.1,23,18.7,9.0,5.4,64,5.712118380062305,11–15
Justin Jackson,2017,15,2021,6227070,6.5,2.5,1.1,5.3,-2.8,-1.0,25,7.2,2.3,1.5,34,5.7055799890049474,11–15
Justin Patton,2017,16,2021,326149,3.9,2.7,0.9,0.4,-2.8,-0.1,23,5.4,3.8,1.1,13,0.2988354407183434,16–20
John Collins,2017,19,2021,5042094,16.5,8.3,1.6,28.1,1.5,7.4,23,17.6,7.4,1.2,63,4.619840571742715,16–20
Harry Giles,2017,20,2021,1974967,5.9,3.8,1.2,3.0,-2.4,-0.2,22,2.8,3.5,0.8,38,1.8095721092175185,16–20
Terrance Ferguson,2017,21,2021,4806534,4.5,1.3,0.7,4.4,-4.0,-2.1,22,0.2,0.1,0.2,13,4.404007696536558,21–30
Jarrett Allen,2017,22,2021,4764964,11.6,8.7,1.4,34.9,1.7,8.5,22,12.8,10.0,1.7,63,4.365919003115265,21–30
Kyle Kuzma,2017,27,2021,4341195,15.6,6.2,2.2,14.2,-1.0,2.7,25,12.9,6.1,1.9,68,3.977638812534359,21–30
Tony Bradley,2017,28,2021,4316678,4.6,4.3,0.5,7.4,0.2,1.1,23,7.1,5.7,0.9,42,3.955175004581272,21–30
Derrick White,2017,29,2021,4285265,11.5,3.3,3.8,15.3,1.1,5.3,26,15.4,3.0,3.5,36,3.9263927066153568,21–30
Josh Hart,2017,30,2021,4254645,9.9,5.7,2.1,15.7,-0.3,3.4,25,9.2,8.0,2.3,47,3.8983369983507417,21–30
Trae Young,2018,5,2022,9628294,25.3,3.9,9.1,26.3,3.0,11.9,23,28.4,3.7,9.7,76,8.56503104595513,Top 5
Mo Bamba,2018,6,2022,8752097,7.7,6.1,0.9,10.4,0.2,2.3,23,10.6,8.1,1.2,71,7.785593431423132,6–10
Collin Sexton,2018,8,2022,7342426,20.0,3.0,3.3,5.4,-2.5,-0.9,23,16.0,3.3,2.1,11,6.5315939295817245,6–10
Kevin Knox,2018,9,2022,6759982,7.7,2.9,0.8,-0.3,-4.7,-2.7,22,3.1,1.5,0.3,30,6.013469852509474,6–10
Mikal Bridges,2018,10,2022,6426661,11.3,3.9,2.1,24.6,1.1,7.5,25,14.2,4.2,2.3,82,5.7169578522248115,6–10
Shai Gilgeous-Alexander,2018,11,2022,6354744,18.2,4.5,4.3,17.6,1.9,7.5,23,24.5,5.0,5.9,56,5.652982724571673,11–15
Miles Bridges,2018,12,2022,6269130,13.4,5.6,2.3,16.0,-0.2,3.8,23,20.2,7.0,3.8,80,5.576823171491095,11–15
Donte DiVincenzo,2018,17,2022,5406884,9.0,4.6,2.5,9.2,-0.2,2.2,25,9.0,4.0,2.8,42,4.809795932890921,16–20
Kevin Huerter,2018,19,2022,4918358,11.4,3.5,3.2,9.4,-1.3,1.4,23,12.1,3.4,2.7,74,4.375218389168609,16–20
Josh Okogie,2018,20,2022,4727037,6.4,2.9,1.1,5.3,-2.9,-1.2,23,2.7,1.4,0.5,49,4.2050251748002925,16–20
Grayson Allen,2018,21,2022,4688636,9.4,2.6,1.5,8.1,-0.7,1.4,26,11.1,3.4,1.5,66,4.170864838899069,21–30
Chandler Hutchison,2018,22,2022,4884626,5.4,3.7,0.8,1.1,-3.9,-0.9,25,0.7,0.8,0.3,6,4.345211450531073,21–30
Aaron Holiday,2018,23,2022,4602900,7.3,1.8,2.4,4.7,-2.3,-0.4,25,6.3,1.9,2.4,63,4.094596758410874,21–30
Anfernee Simons,2018,24,2022,4554642,10.2,2.2,2.0,4.0,-2.2,-0.2,22,17.3,2.6,3.9,57,4.051667941715445,21–30
Moritz Wagner,2018,25,2022,1999575,7.5,3.5,1.1,5.9,-1.4,0.4,24,9.0,3.7,1.4,63,1.778759763018841,21–30
Landry Shamet,2018,26,2022,4357512,9.0,1.8,1.6,10.6,-1.8,0.3,24,8.3,1.8,1.6,69,3.876307221520451,21–30
Robert Williams,2018,27,2022,4234516,7.2,6.6,1.4,18.4,5.3,6.3,24,10.0,9.6,2.0,61,3.7668938032629384,21–30
Zion Williamson,2019,1,2023,14350804,25.7,7.0,3.2,10.6,4.9,4.7,22,26.0,7.0,4.6,29,11.605518579919938,Top 5
Ja Morant,2019,2,2023,12850096,21.2,4.5,7.1,13.7,1.9,5.9,23,26.2,5.9,8.1,61,10.391893574865554,Top 5
RJ Barrett,2019,3,2023,11557811,17.5,5.6,2.9,5.9,-2.2,-0.3,22,19.6,5.0,2.8,73,9.346820589543487,Top 5
De'Andre Hunter,2019,4,2023,10428866,13.2,4.1,1.6,2.9,-3.5,-1.6,25,15.4,4.2,1.4,67,8.43384092838947,Top 5
Darius Garland,2019,5,2023,9458610,17.4,2.6,6.3,6.2,-1.2,1.1,23,21.6,2.7,7.8,69,7.649193320124541,Top 5
Jarrett Culver,2019,6,2023,275987,6.6,2.7,1.2,-0.1,-4.6,-1.5,23,4.4,3.8,0.6,10,0.22319113663014029,6–10
Coby White,2019,7,2023,7860927,13.7,3.6,3.5,5.6,-2.5,-0.6,22,9.7,2.9,2.8,74,6.357144474546115,6–10
Jaxson Hayes,2019,8,2023,7213152,8.1,4.3,0.7,12.5,0.2,1.9,22,5.0,2.8,0.7,47,5.83328777647487,6–10
Rui Hachimura,2019,9,2023,6640783,13.0,5.2,1.5,5.3,-2.8,-0.8,24,11.2,4.5,0.9,63,5.370412033480247,6–10
Cam Reddish,2019,10,2023,6313436,10.5,3.2,1.3,1.0,-3.1,-0.9,23,9.7,2.2,1.4,40,5.105685981157252,6–10
Cameron Johnson,2019,11,2023,6242868,10.4,3.6,1.4,10.9,1.1,3.5,26,15.5,4.4,1.9,42,5.048617524564312,11–15
Tyler Herro,2019,13,2023,6067090,16.7,4.7,3.2,7.0,-0.6,1.9,23,20.1,5.4,4.2,67,4.906465569528122,11–15
Romeo Langford,2019,14,2023,5973935,3.6,1.9,0.5,1.5,-2.9,-0.3,23,6.9,2.7,1.2,43,4.831130969228903,11–15
Chuma Okeke,2019,16,2023,3640308,8.3,4.6,1.9,3.5,-0.7,1.0,24,4.7,3.6,1.4,27,2.9439230116048685,16–20
Nickeil Alexander-Walker,2019,17,2023,5311653,9.3,2.6,2.2,0.6,-2.7,-0.5,24,6.2,1.7,1.8,59,4.2955424366180095,16–20
Goga Bitadze,2019,18,2023,5701719,5.0,2.9,0.8,4.0,-1.2,0.4,23,4.4,3.6,1.0,38,4.610989446443734,16–20
Matisse Thybulle,2019,20,2023,4643558,4.8,1.9,1.1,8.8,1.1,3.3,25,4.1,2.0,0.7,71,3.7552529214346366,16–20
Brandon Clarke,2019,21,2023,4605805,10.9,5.6,1.4,15.4,2.9,4.9,26,10.0,5.5,1.3,56,3.724722008814848,21–30
Grant Williams,2019,22,2023,4565898,5.4,3.0,1.0,7.7,-1.9,0.1,24,8.1,4.6,1.7,79,3.692449152885043,21–30
Darius Bazley,2019,23,2023,4521733,10.0,5.8,1.3,1.8,-2.7,-0.8,22,5.2,3.2,0.9,43,3.656732845416683,21–30
Ty Jerome,2019,24,2023,5014046,7.1,1.9,2.4,1.8,-1.9,0.0,25,6.9,1.7,3.0,45,4.0548671707573485,21–30
Nassir Little,2019,25,2023,4423042,5.8,3.4,0.7,3.4,-2.3,-0.2,22,6.6,2.6,0.9,54,3.5769212728963646,21–30
Dylan Windler,2019,26,2023,4280676,3.3,2.4,0.8,1.3,-1.7,0.1,26,1.7,0.0,0.3,3,3.461789656706158,21–30
Mfiondu Kabengele,2019,27,2023,539571,2.7,1.4,0.4,0.4,-3.1,-0.1,25,1.5,2.5,0.0,4,0.43635194694917306,21–30
Jordan Poole,2019,28,2023,4136606,13.7,2.6,2.9,6.7,-1.5,0.6,23,20.4,2.7,4.5,82,3.345280012939226,21–30
Keldon Johnson,2019,29,2023,4106520,14.4,5.8,1.8,9.3,-0.8,1.4,23,22.0,5.0,2.9,63,3.3209494157130726,21–30
Anthony Edwards,2020,1,2024,13936990,20.3,4.7,3.4,5.1,-0.4,1.9,22,25.9,5.4,5.1,79,10.246204630167401,Top 5
James Wiseman,2020,2,2024,12479556,11.5,5.8,0.7,0.7,-5.0,-0.6,22,7.1,5.3,0.9,63,9.17472743179362,Top 5
LaMelo Ball,2020,3,2024,11224536,18.3,6.4,7.0,8.7,2.8,4.7,22,23.9,5.1,8.0,22,8.252061078804008,Top 5
Patrick Williams,2020,4,2024,10128144,9.2,4.5,1.3,3.3,-2.3,-0.2,22,10.0,3.9,1.5,43,7.446014953573345,Top 5
Isaac Okoro,2020,5,2024,9185866,9.2,3.0,1.9,5.1,-3.5,-1.6,23,9.4,3.0,1.9,69,6.75327045088626,Top 5
Onyeka Okongwu,2020,6,2024,8350015,6.3,4.6,0.7,6.1,0.0,0.8,23,10.2,6.8,1.3,55,6.138769013608193,6–10
Killian Hayes,2020,7,2024,7634253,6.8,3.0,4.5,-0.6,-4.6,-1.5,22,6.9,2.8,4.9,42,5.6125546790569105,6–10
Obi Toppin,2020,8,2024,7005156,6.7,3.0,0.8,5.5,1.0,1.5,25,10.3,3.9,1.6,82,5.150054770954485,6–10
Deni Avdija,2020,9,2024,6449292,7.6,5.1,1.7,3.6,-2.3,-0.2,23,14.7,7.2,3.8,75,4.7413943435204855,6–10
Jalen Smith,2020,10,2024,5193643,6.7,4.4,0.4,2.9,-1.3,0.2,23,9.9,5.5,1.0,61,3.818265561935289,6–10
Devin Vassell,2020,11,2024,6062851,9.1,3.6,1.4,4.8,-0.9,0.8,23,19.5,3.8,4.1,68,4.457290418391278,11–15
Tyrese Haliburton,2020,12,2024,5981026,14.3,3.6,6.9,10.5,2.1,4.6,23,20.1,3.9,10.9,69,4.397134266032451,11–15
Aaron Nesmith,2020,14,2024,5801673,4.2,2.2,0.5,1.5,-3.7,-0.5,24,12.2,3.8,1.5,72,4.265277420398321,11–15
Cole Anthony,2020,15,2024,5704379,14.9,5.1,5.0,1.6,-2.0,0.0,23,11.6,3.8,2.9,81,4.193748759382742,11–15
Isaiah Stewart,2020,16,2024,5423207,8.1,7.7,1.0,7.4,-2.3,-0.2,22,10.9,6.6,1.6,46,3.9870365605310947,16–20
Aleksej Pokusevski,2020,17,2024,5740458,7.8,5.0,2.2,-1.5,-4.2,-1.3,22,5.2,3.2,1.3,28,4.220273340146006,16–20
Josh Green,2020,18,2024,4906936,4.0,2.3,1.0,2.9,-1.8,0.1,23,8.2,3.2,2.3,57,3.6074841384786174,16–20
Saddiq Bey,2020,19,2024,4692389,14.3,5.0,2.2,7.3,-0.4,1.9,24,13.7,6.5,1.5,63,3.4497533469096684,16–20
Precious Achiuwa,2020,20,2024,4509659,7.2,5.1,0.8,3.8,-3.0,-0.7,24,7.6,6.6,1.3,74,3.3154137963990853,16–20
Tyrese Maxey,2020,21,2024,4472995,13.2,2.5,3.2,9.2,0.0,1.9,23,25.9,3.7,6.2,70,3.288459134986509,21–30
Zeke Nnaji,2020,22,2024,4434237,4.9,2.6,0.3,2.7,-2.1,0.0,23,3.2,2.2,0.6,58,3.259965005403578,21–30
Immanuel Quickley,2020,25,2024,4295501,11.4,2.7,2.8,7.5,0.5,1.9,24,17.0,3.8,4.9,68,3.1579689900824137,21–30
Payton Pritchard,2020,26,2024,4157240,6.9,2.1,1.9,5.6,0.4,1.4,26,9.6,3.2,3.4,82,3.0563221855448788,21–30
Udoka Azubuike,2020,27,2024,576415,3.0,2.6,0.0,0.8,-2.0,0.0,24,2.2,2.0,0.2,16,0.4237691238852824,21–30
Jaden McDaniels,2020,28,2024,4017325,8.1,3.9,1.1,3.9,-3.2,-1.0,23,10.5,3.1,1.4,72,2.9534593922997185,21–30
Malachi Flynn,2020,29,2024,3988106,6.0,2.0,2.3,1.8,-2.2,-0.1,25,5.5,1.7,1.9,69,2.931978150432654,21–30
Desmond Bane,2020,30,2024,3959335,14.0,3.8,2.3,10.1,1.3,3.2,25,23.7,4.4,5.5,42,2.910826269473096,21–30
Cade Cunningham,2021,1,2025,13940809,17.4,5.5,5.6,-0.5,-1.6,0.2,23,26.1,6.1,9.1,70,9.916073206817083,Top 5
Jalen Green,2021,2,2025,12483048,17.3,3.4,2.6,0.7,-2.9,-0.5,22,21.0,4.6,3.4,82,8.879170341707685,Top 5
Evan Mobley,2021,3,2025,11227657,15.0,8.3,2.5,5.2,0.6,1.5,23,18.5,9.3,3.2,71,7.986212905795659,Top 5
Scottie Barnes,2021,4,2025,10130980,15.3,7.5,3.5,6.6,0.9,1.9,23,19.3,7.7,5.8,65,7.206148462173158,Top 5
Jalen Suggs,2021,5,2025,9188385,11.8,3.6,4.4,-1.6,-5.6,-1.2,23,16.2,4.0,3.7,35,6.535682277292515,Top 5
Josh Giddey,2021,6,2025,8352367,12.5,7.8,6.4,0.4,-1.0,0.4,22,14.6,8.1,7.2,70,5.941024127237033,6–10
Jonathan Kuminga,2021,7,2025,7636307,9.3,3.3,0.9,3.0,-1.5,0.1,22,15.3,4.6,2.2,47,5.431691894045011,6–10
Franz Wagner,2021,8,2025,7007092,15.2,4.5,2.9,4.0,-0.7,0.8,23,24.2,5.7,4.7,60,4.984132358380516,6–10
Davion Mitchell,2021,9,2025,6451077,11.5,2.2,4.2,0.1,-3.8,-0.9,26,7.9,2.3,4.9,74,4.588639855464193,6–10
Ziaire Williams,2021,10,2025,6133005,8.1,2.1,1.0,2.2,-3.0,-0.3,23,10.0,4.6,1.3,63,4.362395794804677,6–10
Chris Duarte,2021,13,2025,5893768,13.1,4.1,2.1,0.9,-2.3,-0.1,27,2.1,1.2,0.5,17,4.192226932597377,11–15
Moses Moody,2021,14,2025,5803269,4.4,1.5,0.4,1.3,-2.5,-0.1,22,9.8,2.6,1.3,74,4.12785515122201,11–15
Corey Kispert,2021,15,2025,5705887,8.2,2.7,1.1,2.3,-2.3,-0.1,25,11.6,3.0,1.7,61,4.05858750391214,11–15
Trey Murphy III,2021,17,2025,5159854,5.4,2.4,0.6,1.9,-1.2,0.2,24,21.2,5.1,3.5,53,3.6701951802429793,16–20
Tre Mann,2021,18,2025,4908373,10.4,2.9,1.5,0.1,-4.3,-0.8,23,14.1,2.9,3.0,13,3.491317182120807,16–20
Jalen Johnson,2021,20,2025,4510905,2.4,1.2,0.1,0.0,-4.9,-0.1,23,18.9,10.0,5.0,36,3.2085988846843256,16–20
Keon Johnson,2021,21,2025,2162606,7.2,2.2,2.1,-0.5,-5.9,-0.7,22,10.6,3.8,2.2,79,1.538257888297721,21–30
Isaiah Jackson,2021,22,2025,4435381,8.3,4.1,0.3,1.4,-1.5,0.1,23,7.0,5.6,1.0,5,3.1548787947762253,21–30
Quentin Grimes,2021,25,2025,4296682,6.0,2.0,1.0,1.4,-0.3,0.3,24,14.6,4.3,3.0,75,3.0562224371923636,21–30
Bones Hyland,2021,26,2025,4158439,10.1,2.7,2.8,2.4,-0.4,0.5,24,6.2,1.0,1.3,24,2.9578904316157852,21–30
Cam Thomas,2021,27,2025,4041249,8.5,2.4,1.2,0.8,-3.4,-0.4,23,24.0,3.3,3.8,25,2.874533388340399,21–30
Jaden Springer,2021,28,2025,4772772,1.0,1.0,0.0,0.0,17.1,0.0,22,2.5,1.3,0.8,43,3.394864426551342,21–30
Day'Ron Sharpe,2021,29,2025,3989122,6.2,5.0,0.5,1.2,-2.8,-0.1,23,7.9,6.6,1.8,50,2.837455543858651,21–30
Santi Aldama,2021,30,2025,3960531,4.1,2.7,0.7,0.3,-5.7,-0.3,24,12.5,6.4,2.9,65,2.8171188152616153,21–30
