Rk,Player,Pos,Age,Tm,G,GS,MP,FG,FGA,FG%,3P,3PA,3P%,2P,2PA,FT,FTA,FT%,ORB,DRB,TRB,AST,STL,BLK,TOV,PF,PTS
1,Precious Achiuwa,PF,24,NYK,9,2,20.4,2.3,4.8,0.488,0.0,0.3,0.0,2.3,4.4,0.6,1.4,0.385,2.4,1.8,4.2,0.6,0.4,1.3,0.4,2.2,5.2
2,Bam Adebayo,C,26,MIA,5,5,38.4,9.6,19.4,0.495,0.4,2.0,0.2,9.2,17.4,3.0,4.2,0.714,2.2,7.2,9.4,3.8,0.4,0.0,1.6,3.0,22.6
3,Nickeil Alexander-Walker,SG,25,MIN,16,1,23.6,2.6,7.0,0.366,1.5,5.1,0.296,1.1,1.9,0.6,0.6,1.0,0.3,1.4,1.8,2.3,0.6,0.4,0.9,1.5,7.3
7,Kyle Anderson,PF,30,MIN,15,1,15.4,1.7,3.8,0.456,0.1,0.5,0.25,1.6,3.3,0.7,0.8,0.833,1.2,1.5,2.7,2.5,0.7,0.3,0.7,1.7,4.3
9,Cole Anthony,PG,23,ORL,7,0,14.7,1.9,5.9,0.317,0.3,1.9,0.154,1.6,4.0,1.1,1.3,0.889,0.3,1.9,2.1,1.3,0.6,0.1,0.7,2.3,5.1
10,OG Anunoby,SF,26,NYK,9,9,36.0,6.2,12.3,0.505,1.8,4.3,0.41,4.4,8.0,0.9,1.4,0.615,0.8,5.2,6.0,1.1,0.9,1.0,1.1,1.7,15.1
11,Paolo Banchero,PF,21,ORL,7,7,37.4,9.7,21.3,0.456,2.3,5.7,0.4,7.4,15.6,5.3,7.0,0.755,2.0,6.6,8.6,4.0,1.1,0.6,4.6,2.0,27.0
12,Nicolas Batum,PF,35,PHI,6,0,28.3,2.0,4.8,0.414,1.5,3.7,0.409,0.5,1.2,0.8,1.3,0.625,1.5,4.3,5.8,1.3,0.2,0.8,0.8,2.2,6.3
14,Malik Beasley,SG,27,MIL,6,2,21.8,3.5,6.8,0.512,1.8,4.2,0.44,1.7,2.7,0.0,0.0,0.0,0.2,2.3,2.5,0.7,0.7,0.0,0.5,1.5,8.8
16,Patrick Beverley,PG,35,MIL,6,6,35.0,2.7,6.5,0.41,0.7,1.8,0.364,2.0,4.7,2.2,2.5,0.867,0.7,2.7,3.3,5.5,1.0,0.7,1.0,2.7,8.2
23,Christian Braun,SG,22,DEN,12,0,17.0,1.9,4.5,0.426,0.3,1.5,0.222,1.6,3.0,0.9,1.3,0.688,0.8,1.9,2.7,0.8,0.2,0.4,0.1,1.5,5.1
24,Oshae Brissett,SF,25,BOS,10,0,5.5,0.6,1.1,0.545,0.2,0.2,1.0,0.4,0.9,0.2,0.4,0.5,0.3,1.1,1.4,0.0,0.3,0.2,0.1,0.2,1.6
25,Jaylen Brown,SF,27,BOS,19,19,37.2,9.2,17.8,0.516,1.9,5.8,0.327,7.3,12.1,3.6,5.4,0.66,1.2,4.8,5.9,3.3,1.2,0.6,2.7,2.7,23.9
26,Kendall Brown,SG,20,IND,7,0,3.6,0.3,0.9,0.333,0.0,0.0,0.0,0.3,0.9,0.0,0.0,0.0,0.0,0.4,0.4,0.3,0.0,0.1,0.4,0.3,0.6
28,Jalen Brunson,PG,27,NYK,13,13,39.8,11.6,26.2,0.444,2.0,6.5,0.31,9.6,19.7,7.2,9.2,0.775,0.6,2.7,3.3,7.5,0.8,0.2,2.7,2.0,32.4
30,Alec Burks,SG,32,NYK,6,0,20.2,4.2,8.3,0.5,2.0,4.7,0.429,2.2,3.7,4.5,5.3,0.844,0.7,2.7,3.3,1.0,0.2,0.2,0.0,1.0,14.8
31,Kentavious Caldwell-Pope,SG,30,DEN,12,12,35.0,2.8,7.2,0.395,1.5,4.6,0.327,1.3,2.6,0.9,0.9,1.0,0.4,2.5,2.9,2.6,1.4,0.4,0.8,3.1,8.1
32,Wendell Carter Jr.,C,24,ORL,7,5,26.4,2.7,6.7,0.404,1.0,3.6,0.28,1.7,3.1,1.1,1.6,0.727,1.3,5.0,6.3,1.3,0.7,0.6,0.7,2.9,7.6
33,Amir Coffey,SF,26,LAC,6,3,18.7,1.2,3.7,0.318,0.5,1.8,0.273,0.7,1.8,0.0,0.0,0.0,0.3,1.3,1.7,0.3,0.3,0.2,0.8,1.0,2.8
34,Mike Conley,PG,36,MIN,15,15,31.6,4.1,9.7,0.428,2.0,5.1,0.395,2.1,4.6,1.3,1.9,0.714,0.7,3.2,3.9,5.7,1.4,0.2,1.3,2.5,11.6
35,Pat Connaughton,SF,31,MIL,6,0,20.7,1.8,4.2,0.44,0.5,1.8,0.273,1.3,2.3,0.3,0.3,1.0,0.5,3.3,3.8,2.2,1.0,0.2,0.5,1.0,4.5
38,Anthony Davis,C,30,LAL,5,5,41.6,11.8,18.6,0.634,0.0,1.0,0.0,11.8,17.6,4.2,5.2,0.808,3.0,12.6,15.6,4.0,0.4,1.6,2.2,3.8,27.8
41,Spencer Dinwiddie,PG,30,LAL,5,0,14.6,1.0,2.8,0.357,0.4,1.6,0.25,0.6,1.2,0.6,1.2,0.5,0.2,1.2,1.4,1.6,0.4,0.2,0.2,1.4,3.0
42,Donte DiVincenzo,SG,27,NYK,13,13,35.8,6.2,14.7,0.419,3.5,8.2,0.425,2.7,6.5,2.0,2.3,0.867,1.0,3.0,4.0,2.6,1.2,0.9,1.2,2.2,17.8
43,Luka Don?i?,PG,24,DAL,22,22,40.9,10.2,22.9,0.446,3.1,9.6,0.322,7.1,13.3,5.3,7.0,0.765,0.7,8.7,9.5,8.1,1.9,0.4,4.1,2.5,28.9
44,Luguentz Dort,SF,24,OKC,10,10,35.0,3.3,9.1,0.363,2.5,6.4,0.391,0.8,2.7,1.6,1.9,0.842,1.9,2.7,4.6,2.0,1.3,0.2,1.1,4.2,10.7
46,Anthony Edwards,SG,22,MIN,16,16,40.6,9.8,20.3,0.481,2.9,7.2,0.4,6.9,13.1,5.2,6.4,0.814,1.1,5.9,7.0,6.5,1.5,0.6,3.3,2.3,27.6
47,Joel Embiid,C,29,PHI,6,6,41.3,9.8,22.2,0.444,2.2,6.5,0.333,7.7,15.7,11.2,13.0,0.859,3.2,7.7,10.8,5.7,1.2,1.5,4.2,3.3,33.0
49,Dante Exum,PG,28,DAL,21,0,6.9,0.8,2.1,0.364,0.3,1.0,0.35,0.4,1.1,0.2,0.3,0.667,0.1,0.7,0.8,0.6,0.1,0.0,0.2,0.4,2.0
50,Markelle Fultz,PG,25,ORL,7,0,15.1,2.9,4.9,0.588,0.0,0.1,0.0,2.9,4.7,0.7,1.3,0.556,1.0,1.0,2.0,1.1,0.4,0.0,1.1,1.7,6.4
51,Daniel Gafford,PF,25,DAL,22,22,20.2,3.5,5.6,0.634,0.0,0.0,0.0,3.5,5.6,1.9,3.0,0.631,1.9,3.6,5.5,0.7,0.3,1.5,0.9,1.7,9.0
53,Darius Garland,PG,24,CLE,12,12,36.0,6.1,14.3,0.427,2.1,5.9,0.352,4.0,8.3,1.4,1.8,0.81,0.1,3.5,3.6,5.8,1.1,0.2,2.3,2.8,15.7
54,Luka Garza,C,25,MIN,7,0,3.7,1.4,1.7,0.833,0.3,0.4,0.667,1.1,1.3,1.0,1.1,0.875,0.3,0.6,0.9,0.1,0.0,0.0,0.0,0.0,4.1
55,Paul George,PF,33,LAC,6,6,37.0,6.5,15.8,0.411,3.0,8.2,0.367,3.5,7.7,3.5,4.2,0.84,0.5,6.3,6.8,4.8,1.2,0.5,2.3,3.7,19.5
56,Josh Giddey,SG,21,OKC,10,8,18.1,3.4,7.5,0.453,1.2,3.4,0.353,2.2,4.1,0.7,0.8,0.875,0.7,2.9,3.6,2.1,0.2,0.4,1.2,0.9,8.7
57,Shai Gilgeous-Alexander,PG,25,OKC,10,10,39.9,11.1,22.4,0.496,1.6,3.7,0.432,9.5,18.7,6.4,8.1,0.79,0.8,6.4,7.2,6.4,1.3,1.7,2.2,3.1,30.2
58,Rudy Gobert,C,31,MIN,15,15,34.1,4.3,6.9,0.615,0.0,0.0,0.0,4.3,6.9,3.5,5.3,0.671,2.7,7.1,9.8,1.6,0.9,1.0,1.5,3.7,12.1
59,Aaron Gordon,PF,28,DEN,12,12,37.1,5.8,9.8,0.585,0.9,2.3,0.407,4.8,7.6,1.9,2.3,0.821,3.0,4.3,7.3,4.4,0.8,0.6,1.5,2.3,14.3
61,A.J. Green,SG,24,MIL,6,0,11.2,1.0,2.7,0.375,0.3,1.8,0.182,0.7,0.8,0.5,0.5,1.0,0.0,1.5,1.5,0.3,0.0,0.0,0.2,1.5,2.8
62,Josh Green,SG,23,DAL,22,0,18.1,1.6,3.9,0.424,1.0,2.7,0.39,0.6,1.2,0.6,0.9,0.737,1.0,1.6,2.5,1.0,0.8,0.1,0.3,1.3,5.0
63,Rui Hachimura,PF,25,LAL,5,5,30.4,3.0,7.6,0.395,1.0,2.8,0.357,2.0,4.8,0.8,1.6,0.5,1.2,2.6,3.8,0.8,0.0,0.0,0.4,1.6,7.8
64,Tyrese Haliburton,PG,23,IND,15,15,34.8,7.0,14.3,0.488,3.5,9.3,0.379,3.5,5.0,1.1,1.3,0.85,0.8,4.0,4.8,8.2,1.3,0.7,2.1,0.9,18.7
65,Tim Hardaway Jr.,SF,31,DAL,14,0,12.7,1.6,4.1,0.379,0.9,2.6,0.351,0.6,1.5,0.3,0.6,0.5,0.1,1.6,1.8,0.4,0.4,0.1,0.1,0.7,4.4
66,James Harden,PG,34,LAC,6,6,40.3,6.7,14.8,0.449,3.0,7.8,0.383,3.7,7.0,4.8,5.3,0.906,0.5,4.0,4.5,8.0,1.0,1.0,2.3,2.2,21.2
67,Jaden Hardy,SG,21,DAL,19,0,6.8,1.5,3.6,0.426,0.6,1.4,0.407,0.9,2.2,0.6,0.8,0.733,0.1,0.7,0.8,0.9,0.2,0.0,0.4,0.7,4.2
68,Gary Harris,SG,29,ORL,6,6,26.5,1.3,4.7,0.286,1.2,3.7,0.318,0.2,1.0,0.3,0.3,1.0,0.8,1.2,2.0,0.7,1.2,0.5,0.3,3.0,4.2
69,Tobias Harris,PF,31,PHI,6,6,36.3,3.7,8.5,0.431,1.0,3.0,0.333,2.7,5.5,0.7,0.7,1.0,1.5,5.7,7.2,1.5,0.2,0.5,0.5,1.8,9.0
70,Josh Hart,SF,28,NYK,13,13,42.2,5.1,11.5,0.44,1.7,4.5,0.373,3.4,7.0,2.7,3.7,0.729,2.8,8.7,11.5,4.5,1.0,0.8,2.6,3.2,14.5
71,Isaiah Hartenstein,C,25,NYK,13,13,29.8,3.5,5.8,0.592,0.1,0.2,0.5,3.4,5.7,1.5,1.7,0.864,3.8,4.1,7.8,3.5,0.3,0.9,1.5,3.2,8.5
72,Sam Hauser,SF,26,BOS,19,0,14.9,1.9,4.4,0.429,1.4,3.7,0.38,0.5,0.7,0.2,0.2,1.0,0.4,1.7,2.2,0.6,0.3,0.2,0.2,1.1,5.4
75,Gordon Hayward,SF,33,OKC,7,0,6.6,0.0,0.4,0.0,0.0,0.0,0.0,0.0,0.4,0.0,0.0,0.0,0.1,1.7,1.9,0.4,0.1,0.1,0.0,0.3,0.0
76,Tyler Herro,SG,24,MIA,5,5,37.0,6.0,15.6,0.385,3.0,8.6,0.349,3.0,7.0,1.8,2.0,0.9,0.0,3.6,3.6,5.4,0.4,0.0,2.8,2.0,16.8
78,Haywood Highsmith,PF,27,MIA,5,0,25.2,2.0,5.6,0.357,0.6,3.2,0.188,1.4,2.4,0.2,0.2,1.0,0.4,2.4,2.8,1.6,0.2,0.2,0.8,2.8,4.8
79,Jrue Holiday,PG,33,BOS,19,19,37.9,5.1,10.2,0.503,1.8,4.6,0.402,3.3,5.6,1.1,1.2,0.955,1.9,4.2,6.1,4.4,1.1,0.6,1.5,2.1,13.2
80,Justin Holiday,SG,34,DEN,12,0,12.5,0.9,2.9,0.314,0.9,2.4,0.379,0.0,0.5,0.2,0.3,0.5,0.1,1.6,1.7,0.3,0.5,0.0,0.3,1.3,2.9
81,Chet Holmgren,C,21,OKC,10,10,34.5,5.9,11.9,0.496,1.3,5.0,0.26,4.6,6.9,2.5,3.3,0.758,1.4,5.8,7.2,2.1,0.7,2.5,1.9,2.6,15.6
82,Al Horford,C,37,BOS,19,15,30.3,3.5,7.3,0.478,1.8,5.0,0.368,1.6,2.3,0.4,0.6,0.636,1.8,5.2,7.0,2.1,0.8,0.8,0.6,1.5,9.2
86,Joe Ingles,SF,36,ORL,7,0,9.7,0.6,1.7,0.333,0.3,1.0,0.286,0.3,0.7,0.1,0.3,0.5,0.3,1.6,1.9,1.7,0.4,0.0,0.0,0.4,1.6
88,Kyrie Irving,SG,31,DAL,22,22,40.0,8.5,18.1,0.467,2.4,6.2,0.39,6.0,11.9,2.8,3.3,0.849,1.0,2.7,3.7,5.1,1.0,0.3,2.3,2.8,22.1
89,Jonathan Isaac,PF,26,ORL,7,3,21.0,2.3,5.6,0.41,1.4,3.9,0.37,0.9,1.7,0.3,0.3,1.0,1.4,3.4,4.9,0.4,0.7,1.3,0.6,1.0,6.3
90,Andre Jackson Jr.,SG,22,MIL,5,0,12.0,1.0,2.2,0.455,0.4,1.2,0.333,0.6,1.0,0.0,0.0,0.0,1.0,1.2,2.2,2.0,1.0,0.2,0.6,2.0,2.4
91,Isaiah Jackson,C,22,IND,15,0,10.3,1.5,2.9,0.535,0.0,0.0,0.0,1.5,2.9,0.7,1.2,0.611,1.4,1.8,3.2,0.5,0.2,0.9,0.3,1.6,3.8
92,Reggie Jackson,PG,33,DEN,12,0,9.8,1.3,4.0,0.333,0.7,1.9,0.348,0.7,2.1,0.2,0.2,1.0,0.2,1.1,1.3,1.0,0.2,0.1,0.7,1.0,3.5
93,LeBron James,PF,39,LAL,5,5,40.8,11.2,19.8,0.566,2.0,5.2,0.385,9.2,14.6,3.4,4.6,0.739,0.8,6.0,6.8,8.8,2.4,1.0,3.8,2.2,27.8
96,Isaiah Joe,SG,24,OKC,10,2,17.3,2.4,5.4,0.444,1.6,3.9,0.41,0.8,1.5,0.0,0.0,0.0,0.4,1.8,2.2,1.0,0.5,0.0,0.5,1.0,6.4
98,Nikola Joki?,C,28,DEN,12,12,40.2,11.1,20.3,0.545,1.2,4.4,0.264,9.9,15.9,5.3,5.9,0.901,3.6,9.8,13.4,8.7,1.4,0.7,3.3,2.7,28.7
100,Derrick Jones Jr.,SF,26,DAL,22,22,29.4,3.5,7.3,0.481,1.1,3.0,0.369,2.4,4.3,1.0,1.4,0.733,1.5,2.0,3.5,1.2,0.5,1.0,0.8,2.5,9.1
103,Nikola Jovi?,PF,20,MIA,5,5,25.6,3.2,7.2,0.444,1.8,4.4,0.409,1.4,2.8,1.2,1.4,0.857,0.4,6.2,6.6,2.2,1.0,0.6,1.2,1.8,9.4
104,Maxi Kleber,C,32,DAL,13,0,16.8,1.2,3.0,0.41,0.9,2.2,0.429,0.3,0.8,0.3,0.5,0.667,0.3,1.6,1.9,1.0,0.2,0.3,0.4,1.5,3.7
105,Luke Kornet,C,28,BOS,13,0,10.2,1.1,1.6,0.667,0.0,0.0,0.0,1.1,1.6,0.8,1.0,0.846,1.5,1.7,3.2,0.5,0.1,0.4,0.5,0.8,3.0
106,A.J. Lawson,SG,23,DAL,10,0,3.0,0.4,0.9,0.444,0.2,0.6,0.333,0.2,0.3,0.1,0.2,0.5,0.1,0.2,0.3,0.0,0.0,0.1,0.0,0.1,1.1
108,Caris LeVert,SG,29,CLE,11,1,25.3,4.0,9.3,0.431,0.5,3.0,0.182,3.5,6.3,1.5,2.4,0.654,0.7,2.9,3.6,2.3,0.8,0.5,1.3,1.3,10.1
112,Dereck Lively II,C,19,DAL,21,0,22.0,3.0,4.5,0.674,0.0,0.0,1.0,3.0,4.5,1.7,2.9,0.59,2.7,4.7,7.4,1.3,0.4,1.0,1.0,2.3,7.9
114,Brook Lopez,C,35,MIL,6,6,33.3,7.3,12.5,0.587,1.7,3.8,0.435,5.7,8.7,1.3,2.5,0.533,1.8,2.5,4.3,1.8,0.0,1.3,1.5,1.7,17.7
115,Kevin Love,PF,35,MIA,5,0,6.4,0.8,1.8,0.444,0.2,0.8,0.25,0.6,1.0,0.0,0.0,0.0,0.2,2.6,2.8,0.8,0.0,0.0,0.4,0.4,1.8
116,Kyle Lowry,PG,37,PHI,6,6,29.2,1.8,5.3,0.344,1.3,4.0,0.333,0.5,1.3,2.0,2.5,0.8,1.0,2.5,3.5,4.0,1.0,0.7,0.7,3.8,7.0
117,Terance Mann,SG,27,LAC,6,6,31.2,3.2,7.7,0.413,1.7,3.7,0.455,1.5,4.0,1.3,1.3,1.0,2.8,2.2,5.0,1.8,0.0,0.0,0.8,3.2,9.3
119,Caleb Martin,SF,28,MIA,5,5,35.2,4.2,9.0,0.467,2.2,5.0,0.44,2.0,4.0,1.0,1.0,1.0,1.0,2.6,3.6,1.4,0.6,0.0,0.6,2.8,11.6
120,Tyrese Maxey,PG,23,PHI,6,6,44.5,11.0,23.0,0.478,3.7,9.2,0.4,7.3,13.8,4.2,4.7,0.893,0.2,5.0,5.2,6.8,0.8,0.3,2.2,2.7,29.8
121,Miles McBride,PG,23,NYK,13,2,26.7,4.2,9.5,0.435,1.9,5.2,0.368,2.2,4.3,0.8,0.9,0.833,0.5,1.7,2.2,1.9,0.5,0.2,0.8,2.3,11.0
123,T.J. McConnell,PG,31,IND,17,0,20.5,5.3,10.9,0.486,0.4,1.5,0.269,4.9,9.4,0.8,0.9,0.867,0.6,2.4,3.1,5.1,0.9,0.1,1.2,1.5,11.8
124,Jaden McDaniels,SF,23,MIN,16,16,33.6,4.5,8.8,0.514,1.5,3.5,0.429,3.0,5.3,1.7,2.2,0.771,1.8,2.1,3.8,1.1,0.9,1.1,1.1,3.4,12.2
125,Doug McDermott,SF,32,IND,10,0,6.4,0.5,1.1,0.455,0.3,0.8,0.375,0.2,0.3,0.0,0.0,0.0,0.2,0.1,0.3,0.7,0.0,0.2,0.1,0.5,1.3
126,Jordan McLaughlin,PG,27,MIN,6,0,5.0,0.3,1.5,0.222,0.0,0.8,0.0,0.3,0.7,0.0,0.3,0.0,0.0,0.7,0.7,0.3,0.0,0.0,0.3,0.2,0.7
128,Sam Merrill,SG,27,CLE,10,0,12.5,1.0,2.9,0.345,1.0,2.7,0.37,0.0,0.2,0.3,0.3,1.0,0.2,1.0,1.2,0.9,0.0,0.0,0.0,0.9,3.3
129,Khris Middleton,SF,32,MIL,6,6,38.3,9.2,19.0,0.482,1.8,5.2,0.355,7.3,13.8,4.5,5.0,0.9,2.0,7.2,9.2,4.7,0.5,0.2,2.3,4.2,24.7
133,Josh Minott,SF,21,MIN,5,0,3.6,0.4,1.8,0.222,0.4,1.0,0.4,0.0,0.8,0.0,0.0,0.0,0.2,0.8,1.0,0.6,0.0,0.0,0.0,0.4,1.2
134,Donovan Mitchell,SG,27,CLE,10,10,38.2,10.7,22.5,0.476,2.9,8.2,0.354,7.8,14.3,5.3,6.5,0.815,0.6,4.8,5.4,4.7,1.3,0.3,2.8,2.9,29.6
135,Evan Mobley,PF,22,CLE,12,12,35.2,6.8,12.2,0.555,0.4,1.5,0.278,6.3,10.7,2.1,3.0,0.694,2.5,6.8,9.3,2.3,0.8,2.2,1.8,2.8,16.0
136,Wendell Moore Jr.,SG,22,MIN,6,0,3.0,0.5,1.2,0.429,0.2,0.7,0.25,0.3,0.5,0.0,0.0,0.0,0.0,0.3,0.3,0.3,0.2,0.0,0.2,0.5,1.2
137,Marcus Morris,PF,34,CLE,9,1,15.3,2.4,5.3,0.458,1.0,2.6,0.391,1.4,2.8,0.2,0.3,0.667,0.2,2.6,2.8,0.3,0.4,0.0,0.3,0.9,6.1
139,Monte Morris,PG,28,MIN,9,0,7.4,1.0,3.3,0.3,0.1,1.6,0.071,0.9,1.8,0.2,0.2,1.0,0.1,0.6,0.7,1.0,0.2,0.1,0.0,0.7,2.3
141,Jamal Murray,PG,26,DEN,12,12,38.5,8.3,20.8,0.402,1.9,6.1,0.315,6.4,14.7,2.0,2.2,0.923,0.8,3.6,4.3,5.6,0.8,0.5,2.6,2.3,20.6
142,Svi Mykhailiuk,SF,26,BOS,8,0,4.0,0.4,1.5,0.25,0.3,1.1,0.222,0.1,0.4,0.0,0.0,0.0,0.1,0.5,0.6,0.1,0.1,0.0,0.3,0.4,1.0
144,Andrew Nembhard,PG,24,IND,17,17,32.6,6.0,10.7,0.56,1.7,3.5,0.483,4.3,7.2,1.2,1.5,0.769,0.8,2.5,3.3,5.5,0.4,0.2,1.4,3.3,14.9
145,Aaron Nesmith,SF,24,IND,17,17,32.9,3.6,8.3,0.433,1.3,4.6,0.278,2.3,3.6,2.0,2.2,0.919,1.1,3.8,4.9,2.2,0.6,0.5,1.4,3.9,10.5
146,Georges Niang,PF,30,CLE,10,0,12.1,0.9,4.1,0.22,0.3,2.3,0.13,0.6,1.8,0.7,0.8,0.875,0.3,0.9,1.2,0.4,0.4,0.2,0.7,1.8,2.8
152,Isaac Okoro,SF,23,CLE,12,7,21.9,2.1,5.8,0.357,0.8,2.9,0.257,1.3,2.9,0.6,0.8,0.778,0.4,1.3,1.8,1.1,0.9,0.3,0.9,2.5,5.5
153,Kelly Oubre Jr.,SF,28,PHI,6,6,37.3,5.2,10.7,0.484,1.5,3.8,0.391,3.7,6.8,1.3,1.8,0.727,1.5,2.5,4.0,1.7,1.8,1.2,1.3,4.0,13.2
154,Cameron Payne,PG,29,PHI,5,0,12.2,2.0,5.0,0.4,1.6,3.6,0.444,0.4,1.4,0.0,0.0,0.0,0.0,1.2,1.2,1.4,0.2,0.8,0.6,2.0,5.6
156,Mason Plumlee,C,33,LAC,6,0,11.0,1.2,3.0,0.389,0.0,0.0,0.0,1.2,3.0,0.8,1.3,0.625,1.2,2.2,3.3,0.7,0.5,0.3,0.3,2.2,3.2
157,Michael Porter Jr.,SF,25,DEN,12,12,36.9,5.7,12.2,0.466,2.8,6.8,0.407,2.9,5.4,1.7,2.2,0.769,0.7,6.2,6.8,1.1,0.9,0.8,1.5,2.3,15.8
158,Bobby Portis,PF,28,MIL,6,6,31.2,7.3,15.2,0.484,0.5,2.0,0.25,6.8,13.2,1.3,2.2,0.615,2.7,8.7,11.3,1.0,0.5,0.2,1.5,2.2,16.5
159,Kristaps Porzi??is,C,28,BOS,7,4,23.6,4.0,8.6,0.467,1.4,4.1,0.345,2.6,4.4,2.9,3.1,0.909,0.6,3.9,4.4,1.1,0.7,1.6,0.7,2.1,12.3
160,Dwight Powell,C,32,DAL,13,0,3.4,0.1,0.2,0.333,0.0,0.0,0.0,0.1,0.2,0.3,0.5,0.667,0.2,0.7,0.9,0.2,0.1,0.0,0.2,0.7,0.5
161,Norman Powell,SG,30,LAC,6,0,29.8,4.3,10.2,0.426,2.2,4.8,0.448,2.2,5.3,2.0,2.5,0.8,0.5,2.3,2.8,0.3,0.5,0.0,1.2,3.3,12.8
162,Taurean Prince,PF,29,LAL,5,0,22.2,2.4,5.8,0.414,1.0,3.4,0.294,1.4,2.4,1.6,1.6,1.0,0.2,2.2,2.4,0.6,0.2,0.4,0.2,1.8,7.4
163,Payton Pritchard,PG,26,BOS,19,0,18.7,2.3,5.5,0.419,1.2,3.2,0.383,1.1,2.4,0.6,0.6,0.917,0.7,1.2,1.9,2.1,0.2,0.0,0.7,1.2,6.4
166,Austin Reaves,SG,25,LAL,5,5,34.8,6.0,12.6,0.476,1.4,5.2,0.269,4.6,7.4,3.4,3.8,0.895,1.0,2.8,3.8,3.6,1.4,0.6,0.8,1.6,16.8
167,Paul Reed,C,24,PHI,6,0,7.2,0.7,1.5,0.444,0.0,0.0,0.0,0.7,1.5,0.2,0.3,0.5,1.5,1.2,2.7,0.3,0.2,0.5,0.5,1.2,1.5
168,Naz Reid,C,24,MIN,16,0,22.6,4.1,8.9,0.458,1.6,4.3,0.362,2.5,4.6,1.4,1.9,0.71,0.6,3.1,3.7,1.0,0.5,0.8,0.9,2.0,11.1
169,Duncan Robinson,SF,29,MIA,5,0,12.0,1.0,3.2,0.313,0.6,2.6,0.231,0.4,0.6,0.0,0.0,0.0,0.0,1.0,1.0,1.2,0.4,0.0,1.0,1.2,2.6
170,Mitchell Robinson,C,25,NYK,6,0,19.2,1.2,2.3,0.5,0.0,0.0,0.0,1.2,2.3,0.5,1.3,0.375,3.8,3.0,6.8,0.5,1.0,1.2,0.5,2.5,2.8
174,D'Angelo Russell,PG,27,LAL,5,5,37.0,5.6,14.6,0.384,2.8,8.8,0.318,2.8,5.8,0.2,0.4,0.5,0.2,2.6,2.8,4.2,0.8,0.2,1.8,1.2,14.2
176,Ben Sheppard,SG,22,IND,17,2,19.7,1.8,4.2,0.437,1.1,2.9,0.38,0.7,1.2,0.4,0.5,0.778,0.6,2.4,3.0,1.0,0.5,0.1,0.6,1.9,5.2
177,Pascal Siakam,PF,29,IND,17,17,35.5,9.2,17.1,0.541,0.8,2.8,0.298,8.4,14.3,2.3,3.7,0.619,2.5,5.1,7.5,3.8,0.8,0.4,1.1,2.8,21.6
178,Jericho Sims,C,25,NYK,5,0,5.4,0.4,0.4,1.0,0.0,0.0,0.0,0.4,0.4,0.6,0.8,0.75,0.6,1.0,1.6,0.2,0.4,0.2,0.0,0.2,1.4
179,Jalen Smith,C,23,IND,7,0,6.0,0.4,1.1,0.375,0.3,0.6,0.5,0.1,0.6,0.7,1.1,0.625,1.0,1.0,2.0,0.3,0.3,0.1,0.6,1.1,1.9
182,Max Strus,SF,27,CLE,12,12,36.2,3.5,8.6,0.408,2.1,6.0,0.347,1.4,2.6,0.4,0.4,1.0,0.7,4.7,5.3,2.9,0.8,0.0,1.3,3.4,9.5
183,Jalen Suggs,SG,22,ORL,7,7,33.1,4.7,11.7,0.402,2.0,6.9,0.292,2.7,4.9,3.3,4.3,0.767,1.6,3.6,5.1,3.3,1.3,0.4,2.9,2.6,14.7
184,Jayson Tatum,PF,25,BOS,19,19,40.4,8.4,19.6,0.427,2.1,7.3,0.283,6.3,12.3,6.2,7.2,0.861,0.9,8.8,9.7,6.3,1.1,0.7,2.6,2.8,25.0
187,Tristan Thompson,C,32,CLE,10,0,8.7,0.7,1.6,0.438,0.0,0.0,0.0,0.7,1.6,0.1,0.2,0.5,1.0,1.0,2.0,1.0,0.1,0.5,0.2,0.9,1.5
188,Xavier Tillman Sr.,PF,25,BOS,8,0,8.6,0.6,1.0,0.625,0.1,0.1,1.0,0.5,0.9,0.1,0.1,1.0,0.5,1.3,1.8,0.4,0.4,0.4,0.4,0.9,1.5
189,Obi Toppin,PF,25,IND,17,0,20.2,4.3,7.9,0.541,1.2,3.3,0.357,3.1,4.6,1.1,1.5,0.76,0.6,3.8,4.4,1.7,0.4,0.4,0.8,1.2,10.9
190,Karl-Anthony Towns,PF,28,MIN,16,16,32.6,6.8,14.5,0.466,1.9,5.2,0.361,4.9,9.3,3.7,4.3,0.855,2.2,6.8,9.0,2.6,0.8,0.2,1.7,3.4,19.1
192,Myles Turner,C,27,IND,17,17,32.4,6.2,12.1,0.517,2.3,5.1,0.453,3.9,7.0,2.2,2.9,0.76,1.5,5.1,6.6,2.1,0.5,1.5,1.9,2.6,17.0
195,Gabe Vincent,PG,27,LAL,5,0,13.8,0.6,2.4,0.25,0.2,1.4,0.143,0.4,1.0,0.0,0.0,0.0,0.2,1.4,1.6,0.6,0.4,0.0,0.6,1.6,1.4
197,Franz Wagner,SF,22,ORL,7,7,37.0,6.0,14.7,0.408,1.3,4.9,0.265,4.7,9.9,5.6,6.3,0.886,1.4,5.4,6.9,4.4,0.7,1.3,1.3,2.9,18.9
198,Moritz Wagner,C,26,ORL,7,0,15.0,2.3,5.1,0.444,0.3,1.3,0.222,2.0,3.9,1.4,2.4,0.588,1.6,2.9,4.4,0.3,0.9,0.4,1.1,3.0,6.3
199,Jarace Walker,PF,20,IND,9,0,3.4,0.3,1.1,0.3,0.0,0.3,0.0,0.3,0.8,0.2,0.3,0.667,0.1,0.3,0.4,0.4,0.2,0.1,0.7,0.2,0.9
200,Cason Wallace,SG,20,OKC,10,0,19.8,1.6,4.1,0.39,0.9,2.8,0.321,0.7,1.3,0.1,0.2,0.5,0.7,0.6,1.3,1.0,0.9,0.2,0.4,1.4,4.2
203,P.J. Washington,PF,25,DAL,22,22,35.7,4.5,10.6,0.427,2.1,6.1,0.348,2.4,4.5,1.8,2.5,0.709,1.5,5.1,6.6,1.4,0.7,0.8,1.5,3.0,13.0
205,Peyton Watson,SF,21,DEN,10,0,9.0,0.6,2.4,0.25,0.3,1.2,0.25,0.3,1.2,0.3,0.6,0.5,0.2,1.3,1.5,0.4,0.0,0.6,0.3,0.9,1.8
206,Russell Westbrook,PG,35,LAC,6,0,19.0,2.2,8.3,0.26,0.7,2.8,0.235,1.5,5.5,1.3,2.2,0.615,1.0,3.2,4.2,1.7,1.2,0.5,1.7,1.8,6.3
207,Derrick White,SG,29,BOS,19,19,35.6,5.7,12.7,0.452,3.4,8.5,0.404,2.3,4.2,1.8,2.0,0.921,1.0,3.3,4.3,4.1,0.9,1.2,0.8,2.3,16.7
208,Aaron Wiggins,SG,25,OKC,10,0,15.7,2.3,4.7,0.489,0.6,2.0,0.3,1.7,2.7,1.0,1.1,0.909,0.9,2.3,3.2,1.0,0.6,0.3,0.9,0.8,6.2
209,Jalen Williams,PF,22,OKC,10,10,37.7,7.5,16.0,0.469,1.5,3.9,0.385,6.0,12.1,2.2,2.7,0.815,1.3,5.5,6.8,5.4,1.7,0.5,1.9,2.1,18.7
210,Jaylin Williams,C,21,OKC,10,0,12.7,1.6,3.3,0.485,0.9,2.2,0.409,0.7,1.1,0.3,0.4,0.75,0.4,2.8,3.2,1.5,0.4,0.3,0.3,1.1,4.4
211,Kenrich Williams,PF,29,OKC,7,0,4.6,0.3,1.1,0.25,0.0,0.7,0.0,0.3,0.4,0.0,0.0,0.0,0.1,1.0,1.1,0.4,0.1,0.0,0.0,0.4,0.6
214,Ivica Zubac,C,26,LAC,6,6,32.0,7.0,11.7,0.6,0.0,0.0,0.0,7.0,11.7,2.2,3.3,0.65,3.0,6.3,9.3,1.0,0.8,0.5,1.3,3.5,16.2
